Date,Close
9/3/03,3375
9/4/03,3425
9/5/03,3450
9/8/03,3400
9/9/03,3325
9/10/03,3200
9/11/03,3200
9/12/03,3300
9/15/03,3250
9/16/03,3325
9/17/03,3325
9/18/03,3300
9/19/03,3300
9/22/03,3300
9/23/03,3300
9/24/03,3325
9/25/03,3350
9/26/03,3325
9/29/03,3300
9/30/03,3350
10/1/03,3325
10/2/03,3350
10/3/03,3325
10/6/03,3300
10/7/03,3325
10/8/03,3300
10/9/03,3300
10/10/03,3275
10/13/03,3300
10/14/03,3300
10/15/03,3250
10/16/03,3250
10/17/03,3275
10/20/03,3250
10/21/03,3250
10/22/03,3200
10/23/03,3100
10/24/03,3225
10/27/03,3225
10/28/03,3225
10/29/03,3175
10/30/03,3125
10/31/03,3225
11/3/03,3200
11/4/03,3250
11/5/03,3200
11/6/03,3225
11/7/03,3250
11/10/03,3300
11/11/03,3300
11/12/03,3275
11/13/03,3225
11/14/03,3200
11/17/03,3175
11/18/03,3175
11/19/03,3150
11/20/03,3150
11/21/03,3175
11/24/03,3175
11/25/03,3175
11/26/03,3175
11/27/03,3175
11/28/03,3175
12/1/03,3425
12/2/03,3350
12/3/03,3350
12/4/03,3325
12/5/03,3275
12/8/03,3275
12/9/03,3250
12/10/03,3250
12/11/03,3275
12/12/03,3250
12/15/03,3250
12/16/03,3300
12/17/03,3275
12/18/03,3350
12/19/03,3425
12/22/03,3450
12/23/03,3425
12/24/03,3425
12/25/03,3425
12/26/03,3425
12/29/03,3675
12/30/03,3625
12/31/03,3625
1/1/04,3625
1/2/04,3575
1/5/04,3575
1/6/04,3575
1/7/04,3525
1/8/04,3575
1/9/04,3675
1/12/04,3625
1/13/04,3575
1/14/04,3650
1/15/04,3750
1/16/04,3875
1/19/04,3825
1/20/04,3825
1/21/04,3750
1/22/04,3750
1/23/04,3850
1/26/04,3900
1/27/04,3800
1/28/04,3750
1/29/04,3775
1/30/04,3825
2/2/04,3825
2/3/04,3725
2/4/04,3700
2/5/04,3800
2/6/04,3850
2/9/04,3825
2/10/04,3825
2/11/04,3850
2/12/04,3850
2/13/04,3850
2/16/04,3775
2/17/04,3725
2/18/04,3600
2/19/04,3575
2/20/04,3575
2/23/04,3575
2/24/04,3625
2/25/04,3600
2/26/04,3550
2/27/04,3400
3/1/04,3375
3/2/04,3675
3/3/04,3575
3/4/04,3550
3/5/04,3575
3/8/04,3525
3/9/04,3550
3/10/04,3550
3/11/04,3450
3/12/04,3425
3/15/04,3400
3/16/04,3450
3/17/04,3450
3/18/04,3525
3/19/04,3550
3/22/04,3550
3/23/04,3550
3/24/04,3550
3/25/04,3450
3/26/04,3475
3/29/04,3550
3/30/04,3525
3/31/04,3550
4/1/04,3550
4/2/04,3550
4/5/04,3550
4/6/04,3625
4/7/04,3600
4/8/04,3675
4/9/04,3675
4/12/04,3600
4/13/04,3600
4/14/04,3675
4/15/04,3650
4/16/04,3650
4/19/04,3675
4/20/04,3750
4/21/04,3775
4/22/04,3700
4/23/04,3650
4/26/04,3650
4/27/04,3700
4/28/04,3750
4/29/04,3725
4/30/04,3675
5/3/04,3675
5/4/04,3675
5/5/04,3600
5/6/04,3625
5/7/04,3600
5/10/04,3500
5/11/04,3650
5/12/04,3725
5/13/04,3750
5/14/04,3725
5/17/04,3375
5/18/04,3525
5/19/04,3550
5/20/04,3550
5/21/04,3650
5/24/04,3675
5/25/04,3575
5/26/04,3575
5/27/04,3600
5/28/04,3600
5/31/04,3600
6/1/04,3625
6/2/04,3650
6/3/04,3650
6/4/04,3650
6/7/04,3700
6/8/04,3675
6/9/04,3675
6/10/04,3700
6/11/04,3675
6/14/04,3700
6/15/04,3775
6/16/04,3800
6/17/04,3775
6/18/04,3625
6/21/04,3650
6/22/04,3675
6/23/04,3625
6/24/04,3700
6/25/04,3850
6/28/04,3800
6/29/04,3800
6/30/04,3925
7/1/04,3800
7/2/04,3900
7/5/04,3900
7/6/04,3950
7/7/04,3950
7/8/04,3975
7/9/04,3900
7/12/04,3900
7/13/04,3950
7/14/04,3900
7/15/04,3875
7/16/04,3850
7/19/04,3850
7/20/04,3875
7/21/04,3850
7/22/04,3800
7/23/04,3775
7/26/04,3775
7/27/04,3825
7/28/04,3850
7/29/04,3875
7/30/04,3775
8/2/04,3800
8/3/04,3850
8/4/04,3825
8/5/04,3775
8/6/04,3800
8/9/04,3675
8/10/04,3675
8/11/04,3700
8/12/04,3675
8/13/04,3650
8/16/04,3650
8/17/04,3650
8/18/04,3650
8/19/04,3650
8/20/04,3625
8/23/04,3550
8/24/04,3400
8/25/04,3300
8/26/04,3325
8/27/04,3375
8/30/04,3375
8/31/04,3350
9/1/04,3400
9/2/04,3425
9/3/04,3500
9/6/04,3450
9/7/04,3450
9/8/04,3475
9/9/04,3400
9/10/04,3450
9/13/04,3450
9/14/04,3475
9/15/04,3500
9/16/04,3500
9/17/04,3475
9/20/04,3475
9/21/04,3450
9/22/04,3400
9/23/04,3400
9/24/04,3400
9/27/04,3350
9/28/04,3300
9/29/04,3250
9/30/04,3250
10/1/04,3300
10/4/04,3325
10/5/04,3250
10/6/04,3250
10/7/04,3150
10/8/04,3125
10/11/04,3150
10/12/04,3125
10/13/04,3150
10/14/04,3125
10/15/04,3125
10/18/04,3150
10/19/04,3125
10/20/04,3125
10/21/04,3125
10/22/04,3200
10/25/04,3175
10/26/04,3200
10/27/04,3175
10/28/04,3225
10/29/04,3275
11/1/04,3300
11/2/04,3250
11/3/04,3275
11/4/04,3250
11/5/04,3250
11/8/04,3200
11/9/04,3200
11/10/04,3250
11/11/04,3275
11/12/04,3250
11/15/04,3250
11/16/04,3250
11/17/04,3250
11/18/04,3250
11/19/04,3250
11/22/04,3275
11/23/04,3350
11/24/04,3275
11/25/04,3225
11/26/04,3200
11/29/04,3250
11/30/04,3325
12/1/04,3300
12/2/04,3225
12/3/04,3250
12/6/04,3300
12/7/04,3250
12/8/04,3250
12/9/04,3275
12/10/04,3250
12/13/04,3250
12/14/04,3175
12/15/04,3325
12/16/04,3300
12/17/04,3325
12/20/04,3325
12/21/04,3325
12/22/04,3325
12/23/04,3300
12/24/04,3300
12/27/04,3325
12/28/04,3350
12/29/04,3350
12/30/04,3300
12/31/04,3300
1/3/05,3350
1/4/05,3350
1/5/05,3350
1/6/05,3325
1/7/05,3325
1/10/05,3350
1/11/05,3325
1/12/05,3325
1/13/05,3325
1/14/05,3400
1/17/05,3400
1/18/05,3375
1/19/05,3375
1/20/05,3425
1/24/05,3475
1/25/05,3500
1/26/05,3500
1/27/05,3525
1/28/05,3450
1/31/05,3500
2/1/05,3475
2/2/05,3550
2/3/05,3575
2/4/05,3600
2/7/05,3575
2/8/05,3550
2/11/05,3525
2/14/05,3550
2/15/05,3600
2/16/05,3575
2/17/05,3550
2/18/05,3575
2/21/05,3575
2/22/05,3575
2/23/05,3575
2/24/05,3575
2/25/05,3500
2/28/05,3550
3/1/05,3650
3/2/05,3600
3/3/05,3650
3/4/05,3650
3/7/05,3675
3/8/05,3700
3/9/05,3675
3/10/05,3625
3/14/05,3650
3/15/05,3650
3/16/05,3650
3/17/05,3650
3/18/05,3825
3/21/05,3850
3/22/05,3900
3/23/05,3850
3/24/05,3775
3/28/05,3725
3/29/05,3650
3/30/05,3675
3/31/05,3825
4/1/05,3825
4/4/05,3825
4/5/05,3800
4/6/05,3800
4/7/05,3850
4/8/05,3825
4/11/05,3800
4/12/05,3875
4/13/05,3900
4/14/05,3825
4/15/05,3800
4/18/05,3650
4/19/05,3675
4/20/05,3675
4/21/05,3625
4/25/05,3650
4/26/05,3650
4/27/05,3650
4/28/05,3700
4/29/05,3750
5/2/05,3725
5/3/05,3850
5/4/05,3825
5/6/05,3775
5/9/05,3725
5/10/05,3700
5/11/05,3650
5/12/05,3650
5/13/05,3700
5/16/05,3675
5/17/05,3725
5/18/05,3725
5/19/05,3725
5/20/05,3725
5/23/05,3700
5/25/05,3800
5/26/05,3800
5/27/05,3825
5/30/05,3825
5/31/05,4575
6/1/05,4000
6/2/05,4025
6/3/05,4125
6/6/05,4100
6/7/05,4075
6/8/05,4150
6/9/05,4100
6/10/05,4125
6/13/05,4075
6/14/05,4100
6/15/05,4075
6/16/05,4075
6/17/05,4150
6/20/05,4100
6/21/05,4075
6/22/05,4075
6/23/05,4150
6/24/05,4125
6/27/05,4075
6/28/05,4100
6/29/05,4100
6/30/05,4075
7/1/05,4100
7/4/05,4200
7/5/05,4275
7/6/05,4125
7/7/05,4200
7/8/05,4200
7/11/05,4150
7/12/05,4125
7/13/05,4125
7/14/05,4100
7/15/05,4100
7/18/05,4175
7/19/05,4125
7/20/05,4150
7/21/05,4200
7/22/05,4275
7/25/05,4300
7/26/05,4400
7/27/05,4350
7/28/05,4475
7/29/05,4350
8/1/05,4500
8/2/05,4600
8/3/05,4675
8/4/05,4550
8/5/05,4400
8/8/05,4300
8/9/05,4325
8/10/05,4375
8/11/05,4400
8/12/05,4500
8/15/05,4325
8/16/05,4250
8/18/05,4250
8/19/05,4450
8/22/05,4425
8/23/05,4500
8/24/05,4450
8/25/05,4525
8/26/05,4400
8/29/05,4425
8/30/05,4325
8/31/05,4225
9/1/05,4175
9/5/05,4075
9/6/05,4050
9/7/05,4050
9/8/05,4125
9/9/05,4125
9/12/05,4100
9/13/05,4050
9/14/05,3825
9/15/05,3800
9/16/05,3900
9/19/05,4000
9/20/05,4000
9/21/05,3950
9/22/05,3900
9/23/05,3875
9/26/05,4025
9/27/05,4050
9/28/05,4050
9/29/05,4050
9/30/05,4075
10/3/05,4200
10/4/05,4375
10/5/05,4300
10/6/05,4450
10/7/05,4625
10/10/05,4675
10/11/05,4600
10/12/05,4625
10/13/05,4600
10/14/05,4575
10/17/05,4450
10/18/05,4350
10/19/05,4300
10/20/05,4175
10/21/05,4175
10/24/05,4125
10/25/05,4100
10/26/05,4275
10/27/05,4275
10/28/05,4250
10/31/05,4375
11/1/05,4350
11/7/05,4350
11/8/05,4350
11/9/05,4600
11/10/05,4575
11/11/05,4450
11/14/05,4250
11/15/05,4200
11/16/05,4300
11/17/05,4225
11/18/05,4375
11/21/05,4400
11/22/05,4400
11/23/05,4250
11/24/05,4300
11/25/05,4300
11/28/05,4300
11/29/05,4400
11/30/05,4325
12/1/05,4300
12/2/05,4450
12/5/05,4375
12/6/05,4450
12/7/05,4450
12/8/05,4450
12/9/05,4375
12/12/05,4300
12/13/05,4275
12/14/05,4325
12/15/05,4325
12/16/05,4275
12/19/05,4275
12/20/05,4275
12/21/05,4250
12/22/05,4275
12/23/05,4250
12/26/05,4250
12/27/05,4200
12/28/05,4250
12/29/05,4275
12/30/05,4275
1/2/06,4300
1/3/06,4325
1/4/06,4375
1/5/06,4350
1/6/06,4400
1/9/06,4425
1/10/06,4425
1/11/06,4425
1/12/06,4375
1/13/06,4400
1/16/06,4375
1/17/06,4275
1/18/06,4225
1/19/06,4300
1/20/06,4275
1/23/06,4300
1/24/06,4400
1/25/06,4400
1/26/06,4375
1/27/06,4350
1/30/06,4300
1/31/06,4300
2/1/06,4300
2/2/06,4325
2/3/06,4300
2/6/06,4300
2/7/06,4350
2/8/06,4350
2/9/06,4400
2/10/06,4350
2/13/06,4350
2/14/06,4325
2/15/06,4325
2/16/06,4325
2/17/06,4375
2/20/06,4325
2/21/06,4300
2/22/06,4275
2/23/06,4300
2/24/06,4175
2/27/06,4275
2/28/06,4275
3/1/06,4300
3/2/06,4300
3/3/06,4300
3/6/06,4300
3/7/06,4225
3/8/06,4200
3/9/06,4300
3/10/06,4250
3/13/06,4225
3/14/06,4275
3/15/06,4300
3/16/06,4300
3/17/06,4300
3/20/06,4275
3/21/06,4300
3/22/06,4300
3/23/06,4300
3/24/06,4250
3/27/06,4275
3/28/06,4275
3/29/06,4250
3/30/06,4250
3/31/06,4250
4/3/06,4200
4/4/06,4225
4/5/06,4200
4/6/06,4275
4/7/06,4325
4/10/06,4325
4/11/06,4250
4/12/06,4325
4/13/06,4275
4/14/06,4275
4/17/06,4250
4/18/06,4350
4/19/06,4350
4/20/06,4350
4/21/06,4250
4/24/06,4250
4/25/06,4250
4/26/06,4300
4/27/06,4300
4/28/06,4575
5/1/06,4700
5/2/06,4700
5/3/06,5000
5/4/06,4800
5/5/06,5000
5/8/06,4800
5/9/06,4825
5/10/06,4800
5/11/06,4750
5/12/06,4700
5/15/06,4375
5/16/06,4550
5/17/06,4450
5/18/06,4275
5/19/06,4225
5/22/06,4200
5/23/06,4125
5/24/06,4050
5/25/06,4050
5/26/06,4050
5/29/06,4000
5/30/06,4175
5/31/06,4025
6/1/06,4200
6/2/06,4300
6/5/06,4225
6/6/06,4125
6/7/06,4050
6/8/06,3900
6/9/06,3950
6/12/06,3900
6/13/06,3725
6/14/06,3675
6/15/06,3825
6/16/06,4175
6/19/06,4150
6/20/06,4150
6/21/06,4100
6/22/06,4125
6/23/06,4050
6/26/06,4000
6/27/06,4025
6/28/06,4000
6/29/06,4050
6/30/06,4125
7/3/06,4100
7/4/06,4175
7/5/06,4200
7/6/06,4275
7/7/06,4300
7/10/06,4300
7/11/06,4225
7/12/06,4325
7/13/06,4225
7/14/06,4150
7/17/06,4150
7/18/06,4200
7/19/06,4250
7/20/06,4200
7/21/06,4150
7/24/06,4150
7/25/06,4150
7/26/06,4225
7/27/06,4200
7/28/06,4225
7/31/06,4225
8/1/06,4250
8/2/06,4275
8/3/06,4300
8/4/06,4300
8/7/06,4325
8/8/06,4225
8/9/06,4350
8/10/06,4275
8/11/06,4325
8/14/06,4325
8/15/06,4325
8/16/06,4350
8/17/06,4350
8/18/06,4350
8/21/06,4350
8/22/06,4325
8/23/06,4275
8/24/06,4225
8/25/06,4250
8/28/06,4250
8/29/06,4250
8/30/06,4300
8/31/06,4475
9/1/06,4500
9/4/06,4500
9/5/06,4525
9/6/06,4500
9/7/06,4475
9/8/06,4425
9/11/06,4375
9/12/06,4350
9/13/06,4425
9/14/06,4400
9/15/06,4425
9/18/06,4450
9/19/06,4550
9/20/06,4400
9/21/06,4475
9/22/06,4500
9/25/06,4500
9/26/06,4500
9/27/06,4500
9/28/06,4575
9/29/06,4600
10/2/06,4575
10/3/06,4650
10/4/06,4675
10/5/06,4675
10/6/06,4675
10/9/06,4650
10/10/06,4700
10/11/06,4700
10/12/06,4700
10/13/06,4800
10/16/06,4800
10/17/06,4750
10/18/06,4650
10/19/06,4700
10/20/06,4800
10/23/06,4800
10/24/06,4800
10/25/06,4800
10/26/06,4800
10/27/06,4800
10/30/06,4850
10/31/06,4800
11/1/06,4850
11/2/06,4925
11/3/06,4950
11/6/06,5025
11/7/06,5050
11/8/06,5200
11/9/06,5200
11/10/06,5100
11/13/06,5000
11/14/06,5100
11/15/06,5150
11/16/06,5000
11/17/06,5150
11/20/06,5150
11/21/06,5150
11/22/06,5350
11/23/06,5550
11/24/06,5550
11/27/06,5500
11/28/06,5750
11/29/06,5850
11/30/06,6000
12/1/06,6050
12/4/06,6150
12/5/06,6300
12/6/06,6300
12/7/06,6300
12/8/06,6300
12/11/06,6300
12/12/06,6350
12/13/06,6250
12/14/06,6500
12/15/06,6600
12/18/06,6800
12/19/06,6400
12/20/06,6450
12/21/06,6650
12/22/06,6600
12/26/06,6600
12/27/06,6550
12/28/06,6550
12/29/06,6600
1/2/07,6650
1/3/07,6500
1/4/07,6350
1/5/07,6450
1/8/07,6350
1/9/07,6100
1/10/07,5700
1/11/07,5800
1/12/07,6200
1/15/07,6150
1/16/07,6300
1/17/07,6200
1/18/07,6200
1/19/07,6350
1/22/07,6250
1/23/07,6100
1/24/07,6050
1/25/07,5950
1/26/07,5850
1/29/07,5850
1/30/07,5800
1/31/07,5850
2/1/07,5850
2/2/07,6150
2/5/07,6100
2/6/07,5950
2/7/07,5950
2/8/07,5900
2/9/07,49
2/12/07,5900
2/13/07,5800
2/14/07,5700
2/15/07,5900
2/16/07,5800
2/19/07,5800
2/20/07,5750
2/21/07,5900
2/22/07,5800
2/23/07,5750
2/26/07,5700
2/27/07,5650
2/28/07,5600
3/1/07,5650
3/2/07,5550
3/5/07,5500
3/6/07,5550
3/7/07,5500
3/8/07,5550
3/9/07,5600
3/12/07,5600
3/13/07,5650
3/14/07,5550
3/15/07,5450
3/16/07,5650
3/20/07,5300
3/21/07,5450
3/22/07,5550
3/23/07,5600
3/26/07,5650
3/27/07,5700
3/28/07,5650
3/29/07,5700
3/30/07,5700
4/2/07,5600
4/3/07,5750
4/4/07,5800
4/5/07,5700
4/9/07,5700
4/10/07,5700
4/11/07,5800
4/12/07,5850
4/13/07,6000
4/16/07,6100
4/17/07,6000
4/18/07,5900
4/19/07,5650
4/20/07,5800
4/23/07,5750
4/24/07,5650
4/25/07,5600
4/26/07,5650
4/27/07,5600
4/30/07,5650
5/1/07,5650
5/2/07,5850
5/3/07,5800
5/4/07,5850
5/7/07,5750
5/8/07,5800
5/9/07,5950
5/10/07,5900
5/11/07,5700
5/14/07,5700
5/15/07,5750
5/16/07,6000
5/21/07,6100
5/22/07,6050
5/23/07,6250
5/24/07,6300
5/25/07,6200
5/28/07,6250
5/29/07,6250
5/30/07,6250
5/31/07,6300
6/4/07,6100
6/5/07,6200
6/6/07,6350
6/7/07,6250
6/8/07,6300
6/11/07,6850
6/12/07,6800
6/13/07,6800
6/14/07,6950
6/15/07,6850
6/18/07,6900
6/19/07,7050
6/20/07,7150
6/21/07,7000
6/22/07,7200
6/25/07,7100
6/26/07,7100
6/27/07,6850
6/28/07,6700
6/29/07,6700
7/2/07,6750
7/3/07,6950
7/4/07,7000
7/5/07,6900
7/6/07,6850
7/9/07,6900
7/10/07,6800
7/11/07,6850
7/12/07,7050
7/13/07,7050
7/16/07,6950
7/17/07,7100
7/18/07,7150
7/19/07,7150
7/20/07,7500
7/23/07,7600
7/24/07,7500
7/25/07,7500
7/26/07,7450
7/27/07,7150
7/30/07,7300
7/31/07,7550
8/1/07,7200
8/2/07,7000
8/3/07,6850
8/6/07,7500
8/7/07,6650
8/8/07,7050
8/9/07,6850
8/10/07,6700
8/13/07,6700
8/14/07,6450
8/15/07,5950
8/16/07,5700
8/20/07,6350
8/21/07,6450
8/22/07,6550
8/23/07,6700
8/24/07,6850
8/27/07,7000
8/28/07,7000
8/29/07,6800
8/30/07,6800
8/31/07,6800
9/3/07,6900
9/4/07,7000
9/5/07,6850
9/6/07,6900
9/7/07,7000
9/10/07,6850
9/11/07,6750
9/12/07,6750
9/13/07,6750
9/14/07,6650
9/17/07,6650
9/18/07,6750
9/19/07,6850
9/20/07,6850
9/21/07,6950
9/24/07,6900
9/25/07,6950
9/26/07,1500
9/27/07,7050
9/28/07,6800
10/1/07,6850
10/2/07,7050
10/3/07,7050
10/4/07,7150
10/5/07,7450
10/8/07,7250
10/9/07,7300
10/10/07,7350
10/11/07,7500
10/17/07,7250
10/18/07,7200
10/19/07,6900
10/22/07,6750
10/23/07,6900
10/24/07,6850
10/25/07,6950
10/26/07,6900
10/29/07,6900
10/30/07,6750
10/31/07,6650
11/1/07,6750
11/2/07,6700
11/5/07,6700
11/6/07,6600
11/7/07,6650
11/8/07,6500
11/9/07,6650
11/12/07,6500
11/13/07,6450
11/14/07,6600
11/15/07,6650
11/16/07,6600
11/19/07,6550
11/20/07,6400
11/21/07,6250
11/22/07,6400
11/23/07,6500
11/26/07,6450
11/27/07,6450
11/28/07,6350
11/29/07,6550
11/30/07,6650
12/3/07,6450
12/4/07,6550
12/5/07,6800
12/6/07,6850
12/7/07,6800
12/10/07,6650
12/11/07,6750
12/12/07,6650
12/13/07,6650
12/14/07,6600
12/17/07,6600
12/18/07,6450
12/19/07,6550
12/26/07,6750
12/27/07,6850
12/28/07,6750
12/31/07,6750
1/2/08,6800
1/3/08,6850
1/4/08,6900
1/7/08,7000
1/8/08,7050
1/9/08,7200
1/14/08,7150
1/15/08,6850
1/16/08,6400
1/17/08,6800
1/18/08,6650
1/21/08,6550
1/22/08,6250
1/23/08,6450
1/24/08,6600
1/25/08,6650
1/28/08,6650
1/29/08,6650
1/30/08,6650
1/31/08,6900
2/1/08,6850
2/4/08,6900
2/5/08,6950
2/6/08,6750
2/11/08,6650
2/12/08,6500
2/13/08,6600
2/14/08,6700
2/15/08,6800
2/18/08,6750
2/19/08,6750
2/20/08,6650
2/21/08,6850
2/22/08,6750
2/25/08,6800
2/26/08,6800
2/27/08,6850
2/28/08,6900
2/29/08,6800
3/3/08,6700
3/4/08,6750
3/5/08,6800
3/6/08,6900
3/10/08,6700
3/11/08,6800
3/12/08,6850
3/13/08,6850
3/14/08,6800
3/17/08,6800
3/18/08,6950
3/19/08,6950
3/24/08,6900
3/25/08,6750
3/26/08,6800
3/27/08,6900
3/28/08,6900
3/31/08,6900
4/1/08,6850
4/2/08,6800
4/3/08,6800
4/4/08,6900
4/7/08,6750
4/8/08,6650
4/9/08,6450
4/10/08,6900
4/11/08,6950
4/14/08,6700
4/15/08,6750
4/16/08,6950
4/17/08,6850
4/18/08,6850
4/21/08,6900
4/22/08,6650
4/23/08,6550
4/24/08,6600
4/25/08,6500
4/28/08,6450
4/29/08,6700
4/30/08,6800
5/5/08,7050
5/6/08,6900
5/7/08,6850
5/8/08,6750
5/9/08,6800
5/12/08,6850
5/13/08,6750
5/14/08,6900
5/15/08,6850
5/16/08,6750
5/21/08,6850
5/22/08,6850
5/23/08,6850
5/26/08,6700
5/27/08,6600
5/28/08,6700
5/29/08,6700
5/30/08,6750
6/2/08,6750
6/3/08,6850
6/4/08,6950
6/5/08,6800
6/6/08,6750
6/9/08,6750
6/10/08,6700
6/11/08,6750
6/12/08,6650
6/13/08,6750
6/16/08,6850
6/17/08,6750
6/18/08,6750
6/19/08,6700
6/20/08,6600
6/23/08,6800
6/24/08,6750
6/25/08,6800
6/26/08,6750
6/27/08,6650
6/30/08,6750
7/1/08,6800
7/2/08,6650
7/3/08,6650
7/4/08,6650
7/7/08,6700
7/8/08,6750
7/9/08,6800
7/10/08,6600
7/11/08,6450
7/14/08,6450
7/15/08,6350
7/16/08,6200
7/17/08,6200
7/18/08,6350
7/21/08,6400
7/22/08,6550
7/23/08,6600
7/24/08,6600
7/25/08,6550
7/28/08,6650
7/29/08,6550
7/31/08,6900
8/1/08,6600
8/4/08,6800
8/5/08,6900
8/6/08,7000
8/7/08,7100
8/8/08,7000
8/11/08,6850
8/12/08,6800
8/13/08,6800
8/14/08,6750
8/15/08,6850
8/19/08,6800
8/20/08,6850
8/21/08,7050
8/22/08,7000
8/25/08,7200
8/26/08,7100
8/27/08,7150
8/28/08,7200
8/29/08,7250
9/1/08,7400
9/2/08,7400
9/3/08,7600
9/4/08,7450
9/5/08,7450
9/8/08,7750
9/9/08,7650
9/10/08,7600
9/11/08,7450
9/12/08,6900
9/15/08,7250
9/16/08,7000
9/17/08,7000
9/18/08,6900
9/19/08,6800
9/22/08,7000
9/23/08,6950
9/24/08,7200
9/25/08,7450
9/26/08,7850
10/6/08,7400
10/7/08,7550
10/8/08,7150
10/9/08,7150
10/10/08,7150
10/13/08,7500
10/14/08,8050
10/15/08,7950
10/16/08,7800
10/17/08,7650
10/20/08,7800
10/21/08,7900
10/22/08,7900
10/23/08,7900
10/24/08,7250
10/27/08,6800
10/28/08,6150
10/29/08,6450
10/30/08,6750
10/31/08,7450
11/3/08,7950
11/4/08,7950
11/5/08,7950
11/6/08,7850
11/7/08,7750
11/10/08,8000
11/11/08,8000
11/12/08,7850
11/13/08,7650
11/14/08,7600
11/17/08,7650
11/18/08,7850
11/19/08,8000
11/20/08,7900
11/21/08,7950
11/24/08,7500
11/25/08,7500
11/26/08,7550
11/27/08,7450
11/28/08,7700
12/1/08,7650
12/2/08,7700
12/3/08,7750
12/4/08,7500
12/5/08,7500
12/9/08,8050
12/10/08,7800
12/11/08,7550
12/12/08,7400
12/15/08,7650
12/16/08,7650
12/17/08,7800
12/18/08,7800
12/19/08,7800
12/22/08,7900
12/23/08,8000
12/24/08,8000
12/30/08,7800
12/31/08,7800
1/5/09,8100
1/6/09,8200
1/7/09,7800
1/8/09,7950
1/9/09,8000
1/12/09,8450
1/13/09,8700
1/14/09,8000
1/15/09,8150
1/16/09,8150
1/19/09,8050
1/20/09,8000
1/21/09,8400
1/22/09,8400
1/23/09,8350
1/27/09,8150
1/28/09,8050
1/29/09,7900
1/30/09,7900
2/2/09,7900
2/3/09,7900
2/4/09,8200
2/5/09,8200
2/6/09,8200
2/9/09,8200
2/10/09,8050
2/11/09,8150
2/12/09,8050
2/13/09,8000
2/16/09,8000
2/17/09,8050
2/18/09,8100
2/19/09,8050
2/20/09,8050
2/23/09,8150
2/24/09,8100
2/25/09,8150
2/26/09,8050
2/27/09,8050
3/2/09,8000
3/3/09,8000
3/4/09,7950
3/5/09,7950
3/6/09,8000
3/10/09,8100
3/11/09,8100
3/12/09,7950
3/13/09,7950
3/16/09,7900
3/17/09,7850
3/18/09,7900
3/19/09,7900
3/20/09,8150
3/23/09,8200
3/24/09,8050
3/25/09,7900
3/27/09,7950
3/30/09,7950
3/31/09,7950
4/1/09,7750
4/2/09,7800
4/3/09,7700
4/6/09,7650
4/7/09,7600
4/8/09,7550
4/9/09,7550
4/13/09,7650
4/14/09,7700
4/15/09,7750
4/16/09,7950
4/17/09,8000
4/20/09,7900
4/22/09,7800
4/23/09,7750
4/24/09,7850
4/27/09,7650
4/28/09,7700
4/29/09,7750
4/30/09,7750
5/1/09,7650
5/4/09,7650
5/5/09,7650
5/6/09,7850
5/7/09,7750
5/8/09,7700
5/11/09,7800
5/12/09,7850
5/13/09,7850
5/14/09,8000
5/15/09,7900
5/18/09,7850
5/19/09,7950
5/20/09,8050
5/21/09,8050
5/22/09,7900
5/25/09,8000
5/26/09,7900
5/27/09,8000
5/28/09,8000
5/29/09,7850
6/1/09,7900
6/2/09,7900
6/3/09,8000
6/4/09,8000
6/5/09,8050
6/8/09,8000
6/9/09,8000
6/10/09,8000
6/11/09,8400
6/12/09,8600
6/15/09,8500
6/16/09,8600
6/17/09,8300
6/18/09,8300
6/19/09,8700
6/22/09,8650
6/23/09,8700
6/24/09,8750
6/25/09,8850
6/26/09,9150
6/29/09,9000
6/30/09,9250
7/1/09,9700
7/2/09,10000
7/3/09,9900
7/6/09,10000
7/7/09,10050
7/8/09,10050
7/9/09,10350
7/10/09,10250
7/13/09,9800
7/14/09,10000
7/15/09,10500
7/16/09,10600
7/17/09,10850
7/20/09,10850
7/21/09,10750
7/22/09,10800
7/23/09,10900
7/24/09,10850
7/27/09,12000
7/28/09,11750
7/29/09,11800
7/30/09,11900
7/31/09,11600
8/3/09,11400
8/4/09,11600
8/5/09,11250
8/6/09,11150
8/7/09,10950
8/10/09,11000
8/11/09,10850
8/12/09,10900
8/13/09,10900
8/14/09,10800
8/18/09,11000
8/19/09,11000
8/20/09,10950
8/21/09,10800
8/24/09,10450
8/25/09,10400
8/26/09,10250
8/27/09,10200
8/28/09,10200
8/31/09,10100
9/1/09,10150
9/2/09,10300
9/3/09,10350
9/4/09,10400
9/7/09,10850
9/8/09,10900
9/9/09,10750
9/10/09,10350
9/11/09,10450
9/14/09,10650
9/15/09,10600
9/16/09,10850
9/17/09,10750
9/24/09,10900
9/25/09,10700
9/28/09,10500
9/29/09,10800
9/30/09,10700
10/1/09,10900
10/2/09,10900
10/5/09,10750
10/6/09,11000
10/7/09,10950
10/8/09,10900
10/9/09,11000
10/12/09,10850
10/13/09,11050
10/14/09,11050
10/15/09,10900
10/16/09,10950
10/19/09,10950
10/20/09,10900
10/21/09,10750
10/22/09,10500
10/23/09,10500
10/26/09,10700
10/27/09,10500
10/28/09,10350
10/29/09,10150
10/30/09,10100
11/2/09,10700
11/3/09,10300
11/4/09,10200
11/5/09,10200
11/6/09,10050
11/9/09,10150
11/10/09,10300
11/11/09,10350
11/12/09,10400
11/13/09,10450
11/16/09,10700
11/17/09,10750
11/18/09,11000
11/19/09,11050
11/20/09,11250
11/23/09,11300
11/24/09,11450
11/25/09,11250
11/26/09,10950
11/30/09,11050
12/1/09,11700
12/2/09,11300
12/3/09,11300
12/4/09,11800
12/7/09,11850
12/8/09,11300
12/9/09,11200
12/10/09,11000
12/11/09,11000
12/14/09,11200
12/15/09,11200
12/16/09,11350
12/17/09,11000
12/21/09,10600
12/22/09,11000
12/23/09,11150
12/28/09,11100
12/29/09,11000
12/30/09,11050
1/4/10,11050
1/5/10,11400
1/6/10,11300
1/7/10,11100
1/8/10,11150
1/11/10,11250
1/12/10,11100
1/13/10,11050
1/14/10,11000
1/15/10,11000
1/18/10,11000
1/19/10,11300
1/20/10,11650
1/21/10,11550
1/22/10,11550
1/25/10,11450
1/26/10,11450
1/27/10,11450
1/28/10,11400
1/29/10,11300
2/1/10,11450
2/2/10,11450
2/3/10,11600
2/4/10,11400
2/5/10,11200
2/8/10,10800
2/9/10,10900
2/10/10,10850
2/11/10,11250
2/12/10,11400
2/15/10,11250
2/16/10,11450
2/17/10,11400
2/18/10,11250
2/19/10,11300
2/22/10,11200
2/23/10,11400
2/24/10,11500
2/25/10,11500
3/1/10,11500
3/2/10,11600
3/3/10,11300
3/4/10,11400
3/5/10,11400
3/8/10,11700
3/9/10,11900
3/10/10,12600
3/11/10,12000
3/12/10,12100
3/15/10,12000
3/17/10,12100
3/18/10,11950
3/19/10,12200
3/22/10,12000
3/23/10,12050
3/24/10,12250
3/25/10,12450
3/26/10,12300
3/29/10,12150
3/30/10,12300
3/31/10,12150
4/1/10,12150
4/5/10,12250
4/6/10,12300
4/7/10,12550
4/8/10,12400
4/9/10,12250
4/12/10,12200
4/13/10,12500
4/14/10,12300
4/15/10,12600
4/16/10,12600
4/19/10,12600
4/20/10,12700
4/21/10,12800
4/22/10,12700
4/23/10,13050
4/26/10,13500
4/27/10,13600
4/28/10,13800
4/29/10,13850
4/30/10,13850
5/3/10,14450
5/4/10,15800
5/5/10,16200
5/6/10,14900
5/7/10,14900
5/10/10,23097
5/11/10,14600
5/12/10,15100
5/14/10,15500
5/17/10,15300
5/18/10,15200
5/19/10,14850
5/20/10,14250
5/21/10,14150
5/24/10,14700
5/25/10,14500
5/26/10,15800
5/27/10,15150
5/31/10,15600
6/1/10,15000
6/2/10,15450
6/3/10,16050
6/4/10,16250
6/7/10,16200
6/8/10,16400
6/9/10,16100
6/10/10,16200
6/11/10,16100
6/14/10,15800
6/15/10,15600
6/16/10,15850
6/17/10,16450
6/18/10,16800
6/21/10,16950
6/22/10,17400
6/23/10,17800
6/24/10,17800
6/25/10,18450
6/28/10,18050
6/29/10,17500
6/30/10,17000
7/1/10,17000
7/2/10,17000
7/5/10,17000
7/6/10,17050
7/7/10,17050
7/8/10,16950
7/9/10,17100
7/12/10,16900
7/13/10,16650
7/14/10,16650
7/15/10,16550
7/16/10,16450
7/19/10,16500
7/20/10,16600
7/21/10,16500
7/22/10,16400
7/23/10,16350
7/26/10,16500
7/27/10,16650
7/28/10,16550
7/29/10,17150
7/30/10,16950
8/2/10,16750
8/3/10,16100
8/4/10,16250
8/5/10,16700
8/6/10,16600
8/9/10,16650
8/10/10,16600
8/11/10,16500
8/12/10,16450
8/13/10,16450
8/16/10,16600
8/18/10,17000
8/19/10,16900
8/20/10,17000
8/23/10,16950
8/24/10,16500
8/25/10,16900
8/26/10,16500
8/27/10,16550
8/30/10,16400
8/31/10,16100
9/1/10,16250
9/2/10,16000
9/3/10,16250
9/6/10,16450
9/7/10,16400
9/15/10,16800
9/16/10,16550
9/17/10,16500
9/20/10,16800
9/21/10,16750
9/22/10,16700
9/23/10,16800
9/24/10,17000
9/27/10,17100
9/28/10,16850
9/29/10,17050
9/30/10,16850
10/1/10,17100
10/4/10,17450
10/5/10,17350
10/6/10,17400
10/7/10,17400
10/8/10,17050
10/11/10,17350
10/12/10,17400
10/13/10,18700
10/14/10,18700
10/15/10,18050
10/18/10,17250
10/19/10,17500
10/20/10,17500
10/21/10,17450
10/22/10,17350
10/25/10,17400
10/26/10,17600
10/27/10,17650
10/28/10,17700
10/29/10,17450
11/1/10,16900
11/2/10,16350
11/3/10,16350
11/4/10,16500
11/5/10,16250
11/8/10,16400
11/9/10,16300
11/10/10,16350
11/11/10,16150
11/12/10,16300
11/15/10,16500
11/16/10,16700
11/18/10,17000
11/19/10,17450
11/22/10,17300
11/23/10,17000
11/24/10,17000
11/25/10,17150
11/26/10,16550
11/29/10,16100
11/30/10,15000
12/1/10,15700
12/2/10,16700
12/3/10,16200
12/6/10,16450
12/8/10,16550
12/9/10,16600
12/10/10,16450
12/13/10,16150
12/14/10,15800
12/15/10,15800
12/16/10,15150
12/17/10,15200
12/20/10,15650
12/21/10,15900
12/22/10,15900
12/23/10,16000
12/27/10,15750
12/28/10,15900
12/29/10,16200
12/30/10,16500
1/3/11,16050
1/4/11,16050
1/5/11,16350
1/6/11,16100
1/7/11,15950
1/10/11,15650
1/11/11,15500
1/12/11,15650
1/13/11,15900
1/14/11,16050
1/17/11,16450
1/18/11,16100
1/19/11,15700
1/20/11,15250
1/21/11,14250
1/24/11,14000
1/25/11,14150
1/26/11,14250
1/27/11,14800
1/28/11,14900
1/31/11,15050
2/1/11,15100
2/2/11,15250
2/4/11,15750
2/7/11,15550
2/8/11,14950
2/9/11,15000
2/10/11,14650
2/11/11,14600
2/14/11,14500
2/16/11,15150
2/17/11,14950
2/18/11,15500
2/21/11,15450
2/22/11,15250
2/23/11,15700
2/24/11,15600
2/25/11,15500
2/28/11,16200
3/1/11,16250
3/2/11,16200
3/3/11,16500
3/4/11,16700
3/7/11,16900
3/8/11,16800
3/9/11,16750
3/10/11,16700
3/11/11,16800
3/14/11,16500
3/15/11,16450
3/16/11,16550
3/17/11,16100
3/18/11,15600
3/21/11,16050
3/22/11,15950
3/23/11,8000
3/24/11,16300
3/25/11,16000
3/28/11,15750
3/29/11,15300
3/30/11,15300
3/31/11,15300
4/1/11,15450
4/4/11,15200
4/5/11,15300
4/6/11,15300
4/7/11,15300
4/8/11,15100
4/11/11,15150
4/12/11,15150
4/13/11,15100
4/14/11,14950
4/15/11,14950
4/18/11,15000
4/19/11,15150
4/20/11,15300
4/21/11,15350
4/25/11,15200
4/26/11,15250
4/27/11,15250
4/28/11,15300
4/29/11,15300
5/2/11,15300
5/3/11,15200
5/4/11,15000
5/5/11,15000
5/6/11,14950
5/9/11,14950
5/10/11,14900
5/11/11,15000
5/12/11,14900
5/13/11,14900
5/16/11,14800
5/18/11,14900
5/19/11,14950
5/20/11,15000
5/23/11,14850
5/24/11,14800
5/25/11,14800
5/26/11,14850
5/27/11,14850
5/30/11,14850
5/31/11,14700
6/1/11,14800
6/3/11,14950
6/6/11,14900
6/7/11,14950
6/8/11,14800
6/9/11,14700
6/10/11,14700
6/13/11,14600
6/14/11,14800
6/15/11,14850
6/16/11,14800
6/17/11,14800
6/20/11,14750
6/21/11,14850
6/22/11,15000
6/23/11,15000
6/24/11,15200
6/27/11,15150
6/28/11,14900
6/30/11,14900
7/1/11,14950
7/4/11,14950
7/5/11,14800
7/6/11,14850
7/7/11,14750
7/8/11,15000
7/11/11,15100
7/12/11,14800
7/13/11,14750
7/14/11,14850
7/15/11,15000
7/18/11,14950
7/19/11,14900
7/20/11,14950
7/21/11,15000
7/22/11,15050
7/25/11,14950
7/26/11,15000
7/27/11,15250
7/28/11,15750
7/29/11,15600
8/1/11,15900
8/2/11,16000
8/3/11,16100
8/4/11,17000
8/5/11,16250
8/8/11,16000
8/9/11,15000
8/10/11,15800
8/11/11,16400
8/12/11,16400
8/15/11,16750
8/16/11,16800
8/18/11,17350
8/19/11,16550
8/22/11,16650
8/23/11,16800
8/24/11,16450
8/25/11,16150
8/26/11,16900
9/5/11,16750
9/6/11,17000
9/7/11,17400
9/8/11,17550
9/9/11,17550
9/12/11,17000
9/13/11,17050
9/14/11,17100
9/15/11,16700
9/16/11,16850
9/19/11,16050
9/20/11,16050
9/21/11,15800
9/22/11,15000
9/23/11,15350
9/26/11,15200
9/27/11,15600
9/28/11,15600
9/29/11,15700
9/30/11,16500
10/3/11,16100
10/4/11,15750
10/5/11,15850
10/6/11,16050
10/7/11,15900
10/10/11,15600
10/11/11,15550
10/12/11,16000
10/13/11,15850
10/14/11,15700
10/17/11,15450
10/18/11,15700
10/19/11,15700
10/20/11,15650
10/21/11,15950
10/24/11,16150
10/25/11,16200
10/26/11,16100
10/27/11,16050
10/28/11,15700
10/31/11,15650
11/1/11,15650
11/2/11,15800
11/3/11,15700
11/4/11,15850
11/7/11,15750
11/8/11,15800
11/9/11,16200
11/10/11,16050
11/11/11,15950
11/14/11,16000
11/15/11,15900
11/16/11,15850
11/17/11,16150
11/18/11,16150
11/21/11,16200
11/22/11,16800
11/23/11,17500
11/24/11,17400
11/25/11,17850
11/28/11,17550
11/29/11,18100
11/30/11,18200
12/1/11,18200
12/2/11,17600
12/5/11,17900
12/6/11,18000
12/7/11,17900
12/8/11,17800
12/9/11,17550
12/12/11,17600
12/13/11,17300
12/14/11,17600
12/15/11,17500
12/16/11,17300
12/19/11,18300
12/20/11,17950
12/21/11,18200
12/22/11,18600
12/23/11,18750
12/27/11,18300
12/28/11,18300
12/29/11,18500
12/30/11,18800
1/2/12,18550
1/3/12,18500
1/4/12,19300
1/5/12,20050
1/6/12,19200
1/9/12,19600
1/10/12,19800
1/11/12,19300
1/12/12,19700
1/13/12,19950
1/16/12,19750
1/17/12,19800
1/18/12,20000
1/19/12,20250
1/20/12,20450
1/24/12,21300
1/25/12,20600
1/26/12,20750
1/27/12,20500
1/30/12,19600
1/31/12,19600
2/1/12,19800
2/2/12,20000
2/3/12,19900
2/6/12,19600
2/7/12,19950
2/8/12,19800
2/9/12,19950
2/10/12,19300
2/13/12,19850
2/14/12,19900
2/15/12,19950
2/16/12,19500
2/17/12,19650
2/20/12,19700
2/21/12,19400
2/22/12,19150
2/23/12,18550
2/24/12,18200
2/27/12,18600
2/28/12,18550
2/29/12,19250
3/1/12,18650
3/2/12,19250
3/5/12,19000
3/6/12,18650
3/7/12,18800
3/8/12,19200
3/9/12,18800
3/12/12,19800
3/13/12,19700
3/14/12,19800
3/15/12,19150
3/16/12,19650
3/19/12,19250
3/20/12,19300
3/21/12,19450
3/22/12,19400
3/26/12,19500
3/27/12,19300
3/28/12,19500
3/29/12,19550
3/30/12,20000
4/2/12,20150
4/3/12,20150
4/4/12,19450
4/5/12,19500
4/9/12,19450
4/10/12,19350
4/11/12,19500
4/12/12,18950
4/13/12,19000
4/16/12,18850
4/17/12,18900
4/18/12,19050
4/19/12,18850
4/20/12,19100
4/23/12,19300
4/24/12,19500
4/25/12,19250
4/26/12,19450
4/27/12,19300
4/30/12,19850
5/1/12,20150
5/2/12,20150
5/3/12,20700
5/4/12,21250
5/7/12,21150
5/8/12,22400
5/9/12,21850
5/10/12,21900
5/11/12,21600
5/14/12,21800
5/15/12,21250
5/16/12,21250
5/21/12,20750
5/22/12,21100
5/23/12,21200
5/24/12,21100
5/25/12,21050
5/28/12,21000
5/29/12,21100
5/30/12,21100
5/31/12,20550
6/1/12,20550
6/4/12,20300
6/5/12,20250
6/6/12,20650
6/7/12,21900
6/8/12,22900
6/11/12,22800
6/12/12,23750
6/13/12,22950
6/14/12,22700
6/15/12,22450
6/18/12,23800
6/19/12,23850
6/20/12,24000
6/21/12,23700
6/22/12,23050
6/25/12,22750
6/26/12,22650
6/27/12,23200
6/28/12,23150
6/29/12,22900
7/2/12,23600
7/3/12,24750
7/4/12,24050
7/5/12,24100
7/6/12,24200
7/9/12,23650
7/10/12,23350
7/11/12,23450
7/12/12,23000
7/13/12,23900
7/16/12,23800
7/17/12,24100
7/18/12,23600
7/19/12,23750
7/20/12,23000
7/23/12,22700
7/24/12,22400
7/25/12,22550
7/26/12,23300
7/27/12,24100
7/30/12,24100
7/31/12,24250
8/1/12,24100
8/2/12,24600
8/3/12,24450
8/6/12,24600
8/7/12,24000
8/8/12,24600
8/9/12,24800
8/10/12,24800
8/13/12,24950
8/14/12,25500
8/15/12,25450
8/16/12,25550
8/23/12,25500
8/24/12,25550
8/27/12,25700
8/28/12,25800
8/29/12,26950
8/30/12,26850
8/31/12,27100
9/3/12,28100
9/4/12,28000
9/5/12,26500
9/6/12,27100
9/7/12,28000
9/10/12,28350
9/11/12,28000
9/12/12,27950
9/13/12,27950
9/14/12,27800
9/17/12,28000
9/18/12,27700
9/19/12,27700
9/20/12,26650
9/21/12,26650
9/24/12,25750
9/25/12,25750
9/26/12,25100
9/27/12,25750
9/28/12,26050
10/1/12,25750
10/2/12,26050
10/3/12,26100
10/4/12,26100
10/5/12,26050
10/8/12,25900
10/9/12,26000
10/10/12,25900
10/11/12,25950
10/12/12,26100
10/15/12,26000
10/16/12,25900
10/17/12,25850
10/18/12,25950
10/19/12,26000
10/22/12,25950
10/23/12,25500
10/24/12,25500
10/25/12,25450
10/29/12,25550
10/30/12,26150
10/31/12,26050
11/1/12,26300
11/2/12,26350
11/5/12,26100
11/6/12,26000
11/7/12,26300
11/8/12,26250
11/9/12,26000
11/12/12,25850
11/13/12,25850
11/14/12,26150
11/19/12,25650
11/20/12,26000
11/21/12,26200
11/22/12,26300
11/23/12,26450
11/26/12,26900
11/27/12,25800
11/28/12,26300
11/29/12,26800
11/30/12,26350
12/3/12,26200
12/4/12,26250
12/5/12,26000
12/6/12,26000
12/7/12,26250
12/10/12,25950
12/11/12,25950
12/12/12,23150
12/13/12,20350
12/14/12,22200
12/17/12,21800
12/18/12,21600
12/19/12,21550
12/20/12,20550
12/21/12,20800
12/26/12,21300
12/27/12,21200
12/28/12,20850
1/2/13,21850
1/3/13,22100
1/4/13,21750
1/7/13,21700
1/8/13,21650
1/9/13,21450
1/10/13,21250
1/11/13,21300
1/14/13,21150
1/15/13,21250
1/16/13,21600
1/17/13,21500
1/18/13,22450
1/21/13,23000
1/22/13,23000
1/23/13,22450
1/25/13,22250
1/28/13,22050
1/29/13,21650
1/30/13,21600
1/31/13,22050
2/1/13,21950
2/4/13,21950
2/5/13,22200
2/6/13,22200
2/7/13,22300
2/8/13,22000
2/11/13,21950
2/12/13,22300
2/13/13,22800
2/14/13,22750
2/15/13,23000
2/18/13,22900
2/19/13,22750
2/20/13,23200
2/21/13,23150
2/22/13,22950
2/25/13,22850
2/26/13,22300
2/27/13,22650
2/28/13,22850
3/1/13,22750
3/4/13,23000
3/5/13,22800
3/6/13,22950
3/7/13,22850
3/8/13,23000
3/11/13,22900
3/13/13,22800
3/14/13,22000
3/15/13,22300
3/18/13,22500
3/19/13,22750
3/20/13,22550
3/21/13,22800
3/22/13,22100
3/25/13,22750
3/26/13,22450
3/27/13,22750
3/28/13,22800
4/1/13,22150
4/2/13,22650
4/3/13,22700
4/4/13,22750
4/5/13,22950
4/8/13,22900
4/9/13,22700
4/10/13,22750
4/11/13,22900
4/12/13,22800
4/15/13,22500
4/16/13,22850
4/17/13,22700
4/18/13,22650
4/19/13,22650
4/22/13,22500
4/23/13,22800
4/24/13,23000
4/25/13,23000
4/26/13,22750
4/29/13,23000
4/30/13,26250
5/1/13,25700
5/2/13,25250
5/3/13,25900
5/6/13,27000
5/7/13,27050
5/8/13,27700
5/10/13,27500
5/13/13,27650
5/14/13,28200
5/15/13,28100
5/16/13,28150
5/17/13,31250
5/20/13,31550
5/21/13,30950
5/22/13,30850
5/23/13,31600
5/24/13,32300
5/27/13,31500
5/28/13,33050
5/29/13,33450
5/30/13,32350
5/31/13,30500
6/3/13,29050
6/4/13,31300
6/5/13,31000
6/7/13,28900
6/10/13,27700
6/11/13,26900
6/12/13,29450
6/13/13,27800
6/14/13,28850
6/17/13,28900
6/18/13,29500
6/19/13,29000
6/20/13,27550
6/21/13,27250
6/24/13,26400
6/25/13,26000
6/26/13,28000
6/27/13,29400
6/28/13,30750
7/1/13,29550
7/2/13,29950
7/3/13,28300
7/4/13,28200
7/5/13,29300
7/8/13,28000
7/9/13,27850
7/10/13,29400
7/11/13,31650
7/12/13,31000
7/15/13,31750
7/16/13,31750
7/17/13,32900
7/18/13,33900
7/19/13,34600
7/22/13,33000
7/23/13,34000
7/24/13,34000
7/25/13,32850
7/26/13,32950
7/29/13,31800
7/30/13,32200
7/31/13,31800
8/1/13,31950
8/2/13,31450
8/12/13,30000
8/13/13,31350
8/14/13,31250
8/15/13,30700
8/16/13,30700
8/19/13,29200
8/20/13,28900
8/21/13,29500
8/22/13,29750
8/23/13,29000
8/26/13,28300
8/27/13,27850
8/28/13,28000
8/29/13,28350
8/30/13,31200
9/2/13,30600
9/3/13,31500
9/4/13,30550
9/5/13,31000
9/6/13,31900
9/9/13,32000
9/10/13,33000
9/11/13,33000
9/12/13,30850
9/13/13,30700
9/16/13,32150
9/17/13,31500
9/18/13,30750
9/19/13,31600
9/20/13,32000
9/23/13,31950
9/24/13,31500
9/25/13,31500
9/26/13,30800
9/27/13,30950
9/30/13,30150
10/1/13,30300
10/2/13,31000
10/3/13,30900
10/4/13,30700
10/7/13,30300
10/8/13,30450
10/9/13,30250
10/10/13,30300
10/11/13,30750
10/16/13,30100
10/17/13,30600
10/18/13,30800
10/21/13,31500
10/22/13,30800
10/23/13,31700
10/24/13,32150
10/25/13,32050
10/28/13,32000
10/29/13,31800
10/30/13,31250
10/31/13,30000
11/1/13,29800
11/4/13,29850
11/6/13,30800
11/7/13,30200
11/8/13,30150
11/11/13,29800
11/12/13,29800
11/13/13,29600
11/14/13,29900
11/15/13,29000
11/18/13,29500
11/19/13,29200
11/20/13,28700
11/21/13,27550
11/22/13,27450
11/25/13,27800
11/26/13,26000
11/27/13,26700
11/28/13,26650
11/29/13,26600
12/2/13,27050
12/3/13,26250
12/4/13,25800
12/5/13,25500
12/6/13,25500
12/9/13,26250
12/10/13,26800
12/11/13,26600
12/12/13,26500
12/13/13,25950
12/16/13,25750
12/17/13,26000
12/18/13,25900
12/19/13,25900
12/20/13,26000
12/23/13,25550
12/24/13,26100
12/27/13,26600
12/30/13,26000
1/2/14,26800
1/3/14,26500
1/6/14,26750
1/7/14,26200
1/8/14,26200
1/9/14,26075
1/10/14,25900
1/13/14,27025
1/15/14,28025
1/16/14,27800
1/17/14,27650
1/20/14,28050
1/21/14,28150
1/22/14,28500
1/23/14,28575
1/24/14,28075
1/27/14,27125
1/28/14,27700
1/29/14,28500
1/30/14,28550
2/3/14,28400
2/4/14,27850
2/5/14,28125
2/6/14,28200
2/7/14,28225
2/10/14,28100
2/11/14,27600
2/12/14,28000
2/13/14,28125
2/14/14,28375
2/17/14,28375
2/18/14,28075
2/19/14,28400
2/20/14,28300
2/21/14,28400
2/24/14,28375
2/25/14,28400
2/26/14,28025
2/27/14,28025
2/28/14,28575
3/3/14,28275
3/4/14,28025
3/5/14,28125
3/6/14,28300
3/7/14,28125
3/10/14,28250
3/11/14,28475
3/12/14,29000
3/13/14,30300
3/14/14,30875
3/17/14,29725
3/18/14,28975
3/19/14,28900
3/20/14,28125
3/21/14,28125
3/24/14,28300
3/25/14,28250
3/26/14,28725
3/27/14,28700
3/28/14,29250
4/1/14,30000
4/2/14,29925
4/3/14,30000
4/4/14,29400
4/7/14,29950
4/8/14,29675
4/9/14,29675
4/10/14,29550
4/11/14,30525
4/14/14,30750
4/15/14,30675
4/16/14,30100
4/17/14,30800
4/21/14,30700
4/22/14,30825
4/23/14,29975
4/24/14,29300
4/25/14,29025
4/28/14,28575
4/29/14,29000
4/30/14,29250
5/2/14,29200
5/5/14,29725
5/6/14,29375
5/7/14,30225
5/8/14,30400
5/9/14,30750
5/12/14,30575
5/13/14,30200
5/14/14,30800
5/16/14,30800
5/19/14,30500
5/20/14,29600
5/21/14,30000
5/22/14,30025
5/23/14,30025
5/26/14,30125
5/28/14,30200
5/30/14,29125
6/2/14,29750
6/3/14,30050
6/4/14,30275
6/5/14,30450
6/6/14,30475
6/9/14,29975
6/10/14,30200
6/11/14,30475
6/12/14,30000
6/13/14,29800
6/16/14,29650
6/17/14,29500
6/18/14,29400
6/19/14,29550
6/20/14,29875
6/23/14,29800
6/24/14,29700
6/25/14,29700
6/26/14,29800
6/27/14,29475
6/30/14,29275
7/1/14,29750
7/2/14,30325
7/3/14,30200
7/4/14,30300
7/7/14,30900
7/8/14,31225
7/9/14,31225
7/10/14,31400
7/11/14,30400
7/14/14,30400
7/15/14,31375
7/16/14,31250
7/17/14,30900
7/18/14,30925
7/21/14,31100
7/22/14,31200
7/23/14,31225
7/24/14,31150
7/25/14,30750
8/4/14,31475
8/5/14,30900
8/6/14,30750
8/7/14,30775
8/8/14,30500
8/11/14,31250
8/12/14,31350
8/13/14,32000
8/14/14,31975
8/15/14,31900
8/18/14,31500
8/19/14,31450
8/20/14,31900
8/21/14,31900
8/22/14,31600
8/25/14,31500
8/26/14,31675
8/27/14,31950
8/28/14,32100
8/29/14,31025
9/1/14,32000
9/2/14,32000
9/3/14,32000
9/4/14,31675
9/5/14,31825
9/8/14,31850
9/9/14,31300
9/10/14,31150
9/11/14,31175
9/12/14,31300
9/15/14,31325
9/16/14,31600
9/17/14,31900
9/18/14,31975
9/19/14,31750
9/22/14,31975
9/23/14,31500
9/24/14,31325
9/25/14,31300
9/26/14,31800
9/29/14,32000
9/30/14,31800
10/1/14,31800
10/2/14,31650
10/3/14,30775
10/6/14,30750
10/7/14,30650
10/8/14,30575
10/9/14,30700
10/10/14,30800
10/13/14,30500
10/14/14,30925
10/15/14,31100
10/16/14,30925
10/17/14,31950
10/20/14,31175
10/21/14,31625
10/22/14,32025
10/23/14,31200
10/24/14,30600
10/27/14,30050
10/28/14,29875
10/29/14,31100
10/30/14,30450
10/31/14,30400
11/3/14,30450
11/4/14,30375
11/5/14,30325
11/6/14,30100
11/7/14,29800
11/10/14,29925
11/11/14,30525
11/12/14,30550
11/13/14,30650
11/14/14,30450
11/17/14,31050
11/18/14,31600
11/19/14,31100
11/20/14,31400
11/21/14,31450
11/24/14,31500
11/25/14,31700
11/26/14,31600
11/27/14,32000
11/28/14,31800
12/1/14,31375
12/2/14,31275
12/3/14,31275
12/4/14,31575
12/5/14,31675
12/8/14,31150
12/9/14,31025
12/10/14,31100
12/11/14,30900
12/12/14,30975
12/15/14,31225
12/16/14,31200
12/17/14,30700
12/18/14,31700
12/19/14,32000
12/22/14,31500
12/23/14,31500
12/24/14,31525
12/29/14,31950
12/30/14,32300
1/2/15,32525
1/5/15,32475
1/6/15,32475
1/7/15,33125
1/8/15,33375
1/9/15,33225
1/12/15,32100
1/13/15,33000
1/14/15,32650
1/15/15,32725
1/16/15,33500
1/19/15,34000
1/20/15,34200
1/21/15,35950
1/22/15,35800
1/23/15,36200
1/26/15,35500
1/27/15,35525
1/28/15,35500
1/29/15,35375
1/30/15,35825
2/2/15,36175
2/3/15,36375
2/4/15,36400
2/5/15,35250
2/6/15,36650
2/9/15,36125
2/10/15,35500
2/11/15,35675
2/12/15,35675
2/13/15,36325
2/16/15,35100
2/17/15,35900
2/18/15,35500
2/20/15,35325
2/23/15,36050
2/24/15,36025
2/25/15,36350
2/26/15,36500
2/27/15,36000
3/2/15,36400
3/3/15,36075
3/4/15,36100
3/5/15,36250
3/6/15,37800
3/9/15,37500
3/10/15,37800
3/11/15,38750
3/12/15,39825
3/13/15,39875
3/16/15,39575
3/17/15,39000
3/18/15,37500
3/19/15,38300
3/20/15,38300
3/23/15,38625
3/24/15,38900
3/25/15,38825
3/26/15,38500
3/27/15,39100
3/30/15,39650
3/31/15,39650
4/1/15,39025
4/2/15,39050
4/6/15,39300
4/7/15,39800
4/8/15,38700
4/9/15,39350
4/10/15,39400
4/13/15,39775
4/14/15,38750
4/15/15,38625
4/16/15,38100
4/17/15,38125
4/20/15,38400
4/21/15,40000
4/22/15,40350
4/23/15,41750
4/24/15,43000
4/27/15,42075
4/28/15,44500
4/29/15,42250
4/30/15,42600
5/4/15,43000
5/5/15,44175
5/6/15,45175
5/7/15,43400
5/8/15,44000
5/11/15,43650
5/12/15,42500
5/13/15,42300
5/15/15,43500
5/18/15,43850
5/19/15,43850
5/20/15,43350
5/21/15,42850
5/22/15,43775
5/25/15,44400
5/26/15,45725
5/27/15,44500
5/28/15,44950
5/29/15,43300
6/1/15,43200
6/3/15,43600
6/4/15,42650
6/5/15,42150
6/8/15,41550
6/9/15,39700
6/10/15,41350
6/11/15,40650
6/12/15,41225
6/15/15,40300
6/16/15,40000
6/17/15,40925
6/18/15,41500
6/19/15,41450
6/22/15,41550
6/23/15,40500
6/24/15,41400
6/25/15,40775
6/26/15,40000
6/29/15,39625
6/30/15,39500
7/1/15,40000
7/2/15,40325
7/3/15,41375
7/6/15,40500
7/7/15,40250
7/8/15,40700
7/9/15,40100
7/10/15,40200
7/13/15,40350
7/14/15,40000
7/15/15,40225
7/22/15,40025
7/23/15,40150
7/24/15,39975
7/27/15,39750
7/28/15,40000
7/29/15,39700
7/30/15,38500
7/31/15,40000
8/3/15,38875
8/4/15,38600
8/5/15,39200
8/6/15,38450
8/7/15,38700
8/10/15,38450
8/11/15,37250
8/12/15,35750
8/13/15,37100
8/14/15,36800
8/18/15,36625
8/19/15,35925
8/20/15,35775
8/21/15,35600
8/24/15,34000
8/25/15,37100
8/26/15,36250
8/27/15,38750
8/28/15,38000
8/31/15,39725
9/1/15,38925
9/2/15,38500
9/3/15,38475
9/4/15,38950
9/7/15,38150
9/8/15,37750
9/9/15,38000
9/10/15,37750
9/11/15,38750
9/14/15,40250
9/15/15,39000
9/16/15,38425
9/17/15,39100
9/18/15,39100
9/21/15,39000
9/22/15,38050
9/23/15,36950
9/25/15,36250
9/28/15,36100
9/29/15,38000
9/30/15,38000
10/1/15,38800
10/2/15,37800
10/5/15,39000
10/6/15,39450
10/7/15,39000
10/8/15,39500
10/9/15,39050
10/12/15,39400
10/13/15,38600
10/15/15,38000
10/16/15,37575
10/19/15,38325
10/20/15,38725
10/21/15,38700
10/22/15,38250
10/23/15,38425
10/26/15,38650
10/27/15,38650
10/28/15,38200
10/29/15,37200
10/30/15,37000
11/2/15,36900
11/3/15,36800
11/4/15,37025
11/5/15,36775
11/6/15,37000
11/9/15,36700
11/10/15,35400
11/11/15,35175
11/12/15,34600
11/13/15,36300
11/16/15,36300
11/17/15,36375
11/18/15,36525
11/19/15,36700
11/20/15,37250
11/23/15,37550
11/24/15,36925
11/25/15,37800
11/26/15,37050
11/27/15,38500
11/30/15,36750
12/1/15,37400
12/2/15,36775
12/3/15,36750
12/4/15,36175
12/7/15,35750
12/8/15,35100
12/9/15,35100
12/10/15,35375
12/11/15,34675
12/14/15,35150
12/15/15,35125
12/16/15,35350
12/17/15,37000
12/18/15,35875
12/21/15,35600
12/22/15,36975
12/23/15,36650
12/28/15,37025
12/29/15,37250
12/30/15,37000
1/4/16,36000
1/5/16,35675
1/6/16,37425
1/7/16,36000
1/8/16,36175
1/11/16,35325
1/12/16,36100
1/13/16,36100
1/14/16,35725
1/15/16,36000
1/18/16,35650
1/19/16,35900
1/20/16,35600
1/21/16,35800
1/22/16,35600
1/25/16,35625
1/26/16,35975
1/27/16,37300
1/28/16,37250
1/29/16,36700
2/1/16,36800
2/2/16,37475
2/3/16,38625
2/4/16,39950
2/5/16,40600
2/9/16,40850
2/10/16,40850
2/11/16,41550
2/12/16,41100
2/15/16,41575
2/16/16,41000
2/17/16,41350
2/18/16,41675
2/19/16,42750
2/22/16,43375
2/23/16,42450
2/24/16,42000
2/25/16,42725
2/26/16,43900
2/29/16,44525
3/1/16,45400
3/2/16,47800
3/3/16,46425
3/4/16,45200
3/7/16,44150
3/8/16,43500
3/10/16,42750
3/11/16,42750
3/14/16,42750
3/15/16,44050
3/16/16,44050
3/17/16,43875
3/18/16,44450
3/21/16,44000
3/22/16,43525
3/23/16,43000
3/24/16,42525
3/28/16,42000
3/29/16,42975
3/30/16,42975
3/31/16,42925
4/1/16,43175
4/4/16,43500
4/5/16,43325
4/6/16,43500
4/7/16,43150
4/8/16,43000
4/11/16,43000
4/12/16,43950
4/13/16,43950
4/14/16,43950
4/15/16,43950
4/18/16,43950
4/19/16,43950
4/20/16,45300
4/21/16,46500
4/22/16,47000
4/25/16,44775
4/26/16,43900
4/27/16,44150
4/28/16,43475
4/29/16,42575
5/2/16,43250
5/3/16,43775
5/4/16,45150
5/9/16,44500
5/10/16,43925
5/11/16,44300
5/12/16,44300
5/13/16,44400
5/16/16,43050
5/17/16,43075
5/18/16,42950
5/19/16,42800
5/20/16,42550
5/23/16,42975
5/24/16,42500
5/25/16,43700
5/26/16,43675
5/27/16,44000
5/30/16,43725
5/31/16,43100
6/1/16,43550
6/2/16,43250
6/3/16,43150
6/6/16,43200
6/7/16,43650
6/8/16,43800
6/9/16,43250
6/10/16,43000
6/13/16,43000
6/14/16,43500
6/15/16,43800
6/16/16,43575
6/17/16,43575
6/20/16,43600
6/21/16,43800
6/22/16,43400
6/23/16,43400
6/24/16,43500
6/27/16,43075
6/28/16,43600
6/29/16,45000
6/30/16,45075
7/1/16,43800
7/11/16,45000
7/12/16,44325
7/13/16,44950
7/14/16,44300
7/15/16,44500
7/18/16,43900
7/19/16,44150
7/20/16,44475
7/21/16,44400
7/22/16,44025
7/25/16,44700
7/26/16,44950
7/27/16,46600
7/28/16,47800
7/29/16,45050
8/1/16,45100
8/2/16,45400
8/3/16,45450
8/4/16,45850
8/5/16,45600
8/8/16,45000
8/9/16,45600
8/10/16,45575
8/11/16,45950
8/12/16,45375
8/15/16,44750
8/16/16,45350
8/18/16,45575
8/19/16,45275
8/22/16,45325
8/23/16,45500
8/24/16,45100
8/25/16,45900
8/26/16,46400
8/29/16,45450
8/30/16,45100
8/31/16,45650
9/1/16,45250
9/2/16,45650
9/5/16,45075
9/6/16,45300
9/7/16,45850
9/8/16,45750
9/9/16,44725
9/13/16,44750
9/14/16,44150
9/15/16,44425
9/16/16,44300
9/19/16,44350
9/20/16,44500
9/21/16,44975
9/22/16,44800
9/23/16,45550
9/26/16,44850
9/27/16,45425
9/28/16,45450
9/29/16,45700
9/30/16,44550
10/3/16,45200
10/4/16,45050
10/5/16,44825
10/6/16,45175
10/7/16,44500
10/10/16,44600
10/11/16,45250
10/12/16,45000
10/13/16,44500
10/14/16,45000
10/17/16,44725
10/18/16,44475
10/19/16,44325
10/20/16,44300
10/21/16,44150
10/24/16,44400
10/25/16,44425
10/26/16,44500
10/27/16,44425
10/28/16,44525
10/31/16,44475
11/1/16,44450
11/2/16,44425
11/3/16,44175
11/4/16,43975
11/7/16,44000
11/8/16,44375
11/9/16,44375
11/10/16,43700
11/11/16,41000
11/14/16,41000
11/15/16,40975
11/16/16,41100
11/17/16,40500
11/18/16,40250
11/21/16,40000
11/22/16,39800
11/23/16,40450
11/24/16,40100
11/25/16,40200
11/28/16,40100
11/29/16,40625
11/30/16,40525
12/1/16,41925
12/2/16,42400
12/5/16,42225
12/6/16,41800
12/7/16,41325
12/8/16,41450
12/9/16,41450
12/13/16,40725
12/14/16,40050
12/15/16,40150
12/16/16,39975
12/19/16,39850
12/20/16,39650
12/21/16,38500
12/22/16,37975
12/23/16,37875
12/27/16,38200
12/28/16,39300
12/29/16,40000
12/30/16,38800
1/2/17,38800
1/3/17,38825
1/4/17,40200
1/5/17,40550
1/6/17,40600
1/9/17,40150
1/10/17,40100
1/11/17,39975
1/12/17,39950
1/13/17,39600
1/16/17,39625
1/17/17,39625
1/18/17,40900
1/19/17,40400
1/20/17,40500
1/23/17,41200
1/24/17,42000
1/25/17,41900
1/26/17,41800
1/27/17,41700
1/30/17,41325
1/31/17,41200
2/1/17,41275
2/2/17,41550
2/3/17,42000
2/6/17,41700
2/7/17,41725
2/8/17,41725
2/9/17,41825
2/10/17,42600
2/13/17,42425
2/14/17,42425
2/15/17,42425
2/16/17,42600
2/17/17,42600
2/20/17,42100
2/21/17,42750
2/22/17,42875
2/23/17,42250
2/24/17,42250
2/27/17,42250
2/28/17,42175
3/1/17,42175
3/2/17,42100
3/3/17,41975
3/6/17,42375
3/7/17,42475
3/8/17,42425
3/9/17,42425
3/10/17,42300
3/13/17,42400
3/14/17,42200
3/15/17,42175
3/16/17,43600
3/17/17,44000
3/20/17,43925
3/21/17,43925
3/22/17,42850
3/23/17,42500
3/24/17,43150
3/27/17,43350
3/29/17,43650
3/30/17,43700
3/31/17,43325
4/3/17,43875
4/4/17,44275
4/5/17,45000
4/6/17,45000
4/7/17,45100
4/10/17,45300
4/11/17,44900
4/12/17,45475
4/13/17,45325
4/17/17,45300
4/18/17,45300
4/19/17,45300
4/20/17,45300
4/21/17,45525
4/25/17,45300
4/26/17,45800
4/27/17,45750
4/28/17,44500
5/2/17,45300
5/3/17,45100
5/4/17,45425
5/5/17,45475
5/8/17,46000
5/9/17,46200
5/10/17,46350
5/12/17,46800
5/15/17,48000
5/16/17,47800
5/17/17,47750
5/18/17,47575
5/19/17,48750
5/22/17,47450
5/23/17,48650
5/24/17,47725
5/26/17,47700
5/29/17,47325
5/30/17,46000
5/31/17,46175
6/1/17,46175
6/2/17,46900
6/5/17,47175
6/6/17,46825
6/7/17,47200
6/8/17,47550
6/9/17,47550
6/12/17,47200
6/13/17,47900
6/14/17,48500
6/15/17,48850
6/16/17,47800
6/19/17,47600
6/20/17,48250
6/21/17,49000
6/22/17,48800
6/23/17,48800
6/26/17,48800
6/27/17,48800
6/28/17,48800
6/29/17,48800
6/30/17,48800
7/3/17,49450
7/4/17,48750
7/5/17,48500
7/6/17,48900
7/7/17,48100
7/10/17,46725
7/11/17,47500
7/12/17,48300
7/13/17,48500
7/14/17,48600
7/17/17,48325
7/18/17,47650
7/19/17,47500
7/20/17,48275
7/21/17,47725
7/24/17,48350
7/25/17,48050
7/26/17,47750
7/27/17,47800
7/28/17,48375
7/31/17,48950
8/1/17,48475
8/2/17,48475
8/3/17,47700
8/4/17,47575
8/7/17,47075
8/8/17,47425
8/9/17,48100
8/10/17,48025
8/11/17,47500
8/14/17,48250
8/15/17,48300
8/16/17,49350
8/17/17,49350
8/18/17,49475
8/21/17,48325
8/22/17,49275
8/23/17,49925
8/24/17,49500
8/25/17,49950
8/28/17,49800
8/29/17,50500
8/30/17,50500
8/31/17,50550
9/1/17,50550
9/4/17,50975
9/5/17,51000
9/6/17,50600
9/7/17,50600
9/8/17,50800
9/11/17,50525
9/12/17,50600
9/13/17,51200
9/14/17,51100
9/15/17,50925
9/18/17,51000
9/19/17,51000
9/20/17,51000
9/21/17,51000
9/22/17,50000
9/25/17,49700
9/26/17,49350
9/27/17,50000
9/28/17,49200
9/29/17,48975
10/2/17,50150
10/3/17,50825
10/4/17,50900
10/5/17,50100
10/6/17,49975
10/9/17,49800
10/10/17,49325
10/11/17,48875
10/12/17,49000
10/13/17,49250
10/16/17,49200
10/17/17,50000
10/18/17,49975
10/19/17,49675
10/20/17,49550
10/23/17,49150
10/24/17,49150
10/25/17,49500
10/26/17,49525
10/27/17,49150
10/30/17,49150
10/31/17,49600
11/1/17,49600
11/2/17,49075
11/3/17,49875
11/6/17,49175
11/7/17,49350
11/8/17,49450
11/9/17,49300
11/10/17,49175
11/13/17,49225
11/14/17,48975
11/15/17,48975
11/16/17,49250
11/17/17,49650
11/20/17,49425
11/21/17,49400
11/22/17,49450
11/23/17,49350
11/24/17,49800
11/27/17,50400
11/28/17,51000
11/29/17,50225
11/30/17,49300
12/1/17,49300
12/4/17,49300
12/5/17,49650
12/6/17,49650
12/7/17,50300
12/8/17,50900
12/11/17,51000
12/12/17,51100
12/13/17,51000
12/14/17,51000
12/15/17,52125
12/18/17,52975
12/19/17,54100
12/20/17,53000
12/21/17,53550
12/22/17,54125
12/25/17,54125
12/26/17,54125
12/27/17,54125
12/28/17,54400
12/29/17,55900
1/1/18,55900
1/2/18,55875
1/3/18,54000
1/4/18,53400
1/5/18,54000
1/8/18,54400
1/9/18,53500
1/10/18,54200
1/11/18,54375
1/12/18,54250
1/15/18,54600
1/16/18,55000
1/17/18,54350
1/18/18,54350
1/19/18,54450
1/22/18,54400
1/23/18,55500
1/24/18,55600
1/25/18,55025
1/26/18,54550
1/29/18,55400
1/30/18,54875
1/31/18,54400
2/1/18,54400
2/2/18,55025
2/5/18,54125
2/6/18,53900
2/7/18,54675
2/8/18,54375
2/9/18,55400
2/12/18,55000
2/13/18,54925
2/14/18,54500
2/15/18,54550
2/16/18,54550
2/19/18,54800
2/20/18,54450
2/21/18,54500
2/22/18,54000
2/23/18,54450
2/26/18,53975
2/27/18,53975
2/28/18,53900
3/1/18,53975
3/2/18,53900
3/5/18,53975
3/6/18,52525
3/7/18,51150
3/8/18,51200
3/9/18,50550
3/12/18,50450
3/13/18,50450
3/14/18,50125
3/15/18,50125
3/16/18,49700
3/19/18,49900
3/20/18,50000
3/21/18,51275
3/22/18,50750
3/23/18,50975
3/26/18,50350
3/27/18,50000
3/28/18,49400
3/29/18,49525
3/30/18,49525
4/2/18,50200
4/3/18,50100
4/4/18,49550
4/5/18,50025
4/6/18,50775
4/9/18,51900
4/10/18,52000
4/11/18,51900
4/12/18,51700
4/13/18,50200
4/16/18,50200
4/17/18,50200
4/18/18,51575
4/19/18,51575
4/20/18,51575
4/23/18,50800
4/24/18,48000
4/25/18,48000
4/26/18,48000
4/27/18,48000
4/30/18,46350
5/1/18,46350
5/2/18,46350
5/3/18,45200
5/4/18,45200
5/7/18,47900
5/8/18,47050
5/9/18,49450
5/10/18,49450
5/11/18,49450
5/14/18,49450
5/15/18,49450
5/16/18,45750
5/17/18,45500
5/18/18,46175
5/21/18,46200
5/22/18,46200
5/23/18,46400
5/24/18,48100
5/25/18,46800
5/28/18,47100
5/29/18,47100
5/30/18,46550
5/31/18,45600
6/1/18,45600
6/4/18,45400
6/5/18,46800
6/6/18,46200
6/7/18,46200
6/8/18,45400
6/11/18,45400
6/12/18,45400
6/13/18,45400
6/14/18,45400
6/15/18,45400
6/18/18,45400
6/19/18,45400
6/20/18,44275
6/21/18,44200
6/22/18,44200
6/25/18,45000
6/26/18,44550
6/27/18,44425
6/28/18,44550
6/29/18,46100
7/2/18,45350
7/3/18,44675
7/4/18,46475
7/5/18,46250
7/6/18,45750
7/9/18,46400
7/10/18,47125
7/11/18,47525
7/12/18,46900
7/13/18,46900
7/16/18,45750
7/17/18,45400
7/18/18,45775
7/19/18,44750
7/20/18,44200
7/23/18,44500
7/24/18,44500
7/25/18,44050
7/26/18,43925
7/27/18,44325
7/30/18,44100
7/31/18,43250
8/1/18,44725
8/2/18,44950
8/3/18,44950
8/6/18,44725
8/7/18,43550
8/8/18,43000
8/9/18,43000
8/10/18,43550
8/13/18,42600
8/14/18,41000
8/15/18,40800
8/16/18,42525
8/17/18,42525
8/20/18,42350
8/21/18,42600
8/22/18,42600
8/23/18,43350
8/24/18,43000
8/27/18,43700
8/28/18,44175
8/29/18,44450
8/30/18,44300
8/31/18,43850
9/3/18,43675
9/4/18,43975
9/5/18,41600
9/6/18,42075
9/7/18,44475
9/10/18,45525
9/11/18,45525
9/12/18,46125
9/13/18,46550
9/14/18,47100
9/17/18,46050
9/18/18,45525
9/19/18,46200
9/20/18,46625
9/21/18,47075
9/24/18,47075
9/25/18,46000
9/26/18,46075
9/27/18,47150
9/28/18,47025
10/1/18,46300
10/2/18,45775
10/3/18,44850
10/4/18,43025
10/5/18,42675
10/8/18,44200
10/9/18,44400
10/10/18,44900
10/11/18,44100
10/12/18,44300
10/15/18,43600
10/16/18,45600
10/17/18,45000
10/18/18,44600
10/19/18,44850
10/22/18,44475
10/23/18,44500
10/24/18,43000
10/25/18,44300
10/26/18,44175
10/29/18,43950
10/30/18,44500
10/31/18,43225
11/1/18,42200
11/2/18,42725
11/5/18,43075
11/6/18,43000
11/7/18,42200
11/8/18,42300
11/9/18,40325
11/12/18,39375
11/13/18,39950
11/14/18,40000
11/15/18,41100
11/16/18,41475
11/19/18,41300
11/20/18,41300
11/21/18,40900
11/22/18,41125